"Name","Location","Type","Namespace","Source","Reference Count","Offcut Ref Count"
"CAL_base","40008654","Data Label","Global","User Defined","142","3"
"CAL_ecu_data_base","40008674","Data Label","Global","User Defined","1","0"
"CAL_unknown_rate_limit1","40008676","Data Label","Global","User Defined","1","1"
"CAL_ecu_ips_mesg_unknown","4000867b","Data Label","Global","User Defined","3","0"
"CAL_evap_purge_pressure_scaling","40008680","Data Label","Global","User Defined","2","0"
"CAL_evap_purge_pressure_offset","40008682","Data Label","Global","User Defined","2","0"
"CAL_sensor_manifold_pressure_sensor_scaling","40008684","Data Label","Global","User Defined","3","0"
"CAL_sensor_manifold_pressure_sensor_offset","40008686","Data Label","Global","User Defined","3","0"
"CAL_cooling_fan_engine_bay_airtemp_enable","4000868b","Data Label","Global","User Defined","1","0"
"CAL_cooling_fan_startup_time","4000868c","Data Label","Global","User Defined","2","0"
"CAL_cooling_fan_hotstart_temp","4000868e","Data Label","Global","User Defined","1","0"
"CAL_cooling_fan_hotstart_dutycycle","4000868f","Data Label","Global","User Defined","1","0"
"CAL_cooling_fan_engine_bay_radfan_threshold_enable","40008691","Data Label","Global","User Defined","1","0"
"CAL_cooling_fan_engine_bay_radfan_threshold_disable","40008692","Data Label","Global","User Defined","1","0"
"CAL_fuel_level_debounce_window_???","40008693","Data Label","Global","User Defined","2","0"
"CAL_fuel_level_debounce_window2???","40008695","Data Label","Global","User Defined","2","0"
"CAL_tc_unknown_tire_circumference","4000869c","Data Label","Global","User Defined","2","0"
"CAL_tc_abs_ring_teeth_count","4000869e","Data Label","Global","User Defined","2","0"
"CAL_ign_comp_coolant_engine_stopped_min","400086a1","Data Label","Global","User Defined","1","0"
"CAL_ign_comp_coolant_engine_stopped_min","400086a2","Data Label","Global","User Defined","2","0"
"CAL_injtip_in_adj_gears","400086a5","Data Label","Global","User Defined","2","5"
"CAL_knock_baseline_min_clamp","400086ac","Data Label","Global","User Defined","2","0"
"CAL_ign_trim_per_cyl","400086ae","Data Label","Global","User Defined","4","5"
"CAL_ac_compressor_max_coolant_temp_max","400086b4","Data Label","Global","User Defined","1","0"
"CAL_ac_compressor_max_coolant_temp_min","400086b5","Data Label","Global","User Defined","1","0"
"CAL_ac_compressor_max_throttle","400086b6","Data Label","Global","User Defined","1","0"
"CAL_inj_pulsewidth_scaling_unknown","400086b9","Data Label","Global","User Defined","2","0"
"CAL_fuel_pressure_max","400086bc","Data Label","Global","User Defined","2","0"
"CAL_fuel_pressure_target_max","400086bd","Data Label","Global","User Defined","2","0"
"CAL_fuel_pressure_target_min","400086be","Data Label","Global","User Defined","2","0"
"CAL_cooling_fan_speed_disable_speed","400086bf","Data Label","Global","User Defined","2","0"
"CAL_ac_compressor_engine_speed_max","400086c8","Data Label","Global","User Defined","1","0"
"CAL_ac_compressor_engine_speed_min","400086c9","Data Label","Global","User Defined","1","0"
"CAL_cooling_aux_pump_timer_reset_coolant_temp","400086cd","Data Label","Global","User Defined","1","0"
"CAL_injtip_accel_pedal_min_unknown","400086ce","Data Label","Global","User Defined","1","0"
"CAL_torque_torque_to_tps_scaling_rpm_range","400086cf","Data Label","Global","User Defined","2","1"
"CAL_wheel_speed_smoothing","400086d3","Data Label","Global","User Defined","12","0"
"CAL_sensor_coolant_temp_derived1_scaling","400086d8","Data Label","Global","User Defined","2","0"
"CAL_ac_compressor_deactivate_car_speed","400086dc","Data Label","Global","User Defined","1","1"
"CAL_ecu_ign_threshold","400086df","Data Label","Global","User Defined","5","0"
"CAL_injtip_dfco_enable_speed","400086e0","Data Label","Global","User Defined","3","0"
"CAL_injtip_carspeed_unknown1","400086e1","Data Label","Global","User Defined","2","0"
"CAL_ign_enable_lea_knock_retard","400086e2","Data Label","Global","User Defined","7","0"
"CAL_knock_corr_limit","400086e6","Data Label","Global","User Defined","2","0"
"CAL_knock_ign_retard_decay_rate","400086e8","Data Label","Global","User Defined","2","0"
"CAL_knock_octane_scaler_increment","400086e9","Data Label","Global","User Defined","1","0"
"CAL_knock_octane_scaler_decrement","400086ea","Data Label","Global","User Defined","2","0"
"CAL_knock_detection_engine_speed_max","400086eb","Data Label","Global","User Defined","3","0"
"CAL_knock_detection_engine_speed_min","400086ec","Data Label","Global","User Defined","4","0"
"CAL_knock_corr_temp_threshold","400086ed","Data Label","Global","User Defined","1","0"
"CAL_knock_corr_octane_base","400086ee","Data Label","Global","User Defined","1","0"
"CAL_knock_detection_engine_speed_margin","400086f0","Data Label","Global","User Defined","4","0"
"CAL_knock_detection_load_margin_debounce","400086f1","Data Label","Global","User Defined","4","0"
"CAL_knock_inhibit_timer_tps_rate","400086f2","Data Label","Global","User Defined","1","0"
"CAL_knock_inhibit_tps_rate1","400086f4","Data Label","Global","User Defined","2","0"
"CAL_injtip_in_adj_gears_6","40008705","Data Label","Global","User Defined","1","0"
"CAL_fuel_learn_time_step","40008711","Data Label","Global","User Defined","8","0"
"CAL_sensor_map_avg_window_size","40008717","Data Label","Global","User Defined","3","0"
"CAL_knock_agc_threshold","4000871a","Data Label","Global","User Defined","2","2"
"CAL_knock_agc_hysteresis_band","4000871d","Data Label","Global","User Defined","3","0"
"CAL_ign_zero_rpm_threshold","40008728","Data Label","Global","User Defined","1","0"
"CAL_idle_car_moving_threshold","40008732","Data Label","Global","User Defined","1","0"
"CAL_knock_octane_scaler_shortterm_multiplier","40008734","Data Label","Global","User Defined","1","0"
"CAL_knock_octane_scaler_shortterm_decrement","40008735","Data Label","Global","User Defined","2","0"
"CAL_injtip_overrun_inhibit_timer","40008738","Data Label","Global","User Defined","1","0"
"CAL_injtip_overrun_hysteresis_timer","40008750","Data Label","Global","User Defined","1","0"
"CAL_tpssmooth_step_timer","4000875c","Data Label","Global","User Defined","1","0"
"CAL_cooling_timer_recircpump","40008760","Data Label","Global","User Defined","1","0"
"CAL_sensor_clutch_engaged_threshold","40008768","Data Label","Global","User Defined","14","0"
"CAL_sensor_clutch_disengaged_threshold","4000876a","Data Label","Global","User Defined","12","0"
"CAL_tpssmooth_decrement_comp_gears_manual","4000876d","Data Label","Global","User Defined","2","6"
"CAL_ecu_engine_running_threshold_unknown","4000877e","Data Label","Global","User Defined","1","0"
"CAL_ecu_vehicle_mode_button_time","40008782","Data Label","Global","User Defined","1","0"
"CAL_inj_closedloop_activate_timer_o2_check","40008784","Data Label","Global","User Defined","5","0"
"CAL_trans_gear_ratio_tour","40008788","Data Label","Global","User Defined","1","9"
"CAL_inj_closedloop_afr","4000879c","Data Label","Global","User Defined","10","0"
"CAL_inj_stft_max_???","400087a2","Data Label","Global","User Defined","21","0"
"CAL_ign_low_gear_number","400087a8","Data Label","Global","User Defined","1","0"
"CAL_ac_compressor_engine_speed2","400087ae","Data Label","Global","User Defined","1","1"
"CAL_ac_compressor_runtime_min","400087b0","Data Label","Global","User Defined","1","0"
"CAL_cruise_accel_pedal_override_threshold_exit","400087bc","Data Label","Global","User Defined","3","0"
"CAL_cruise_accel_pedal_override_threshold_enter","400087bd","Data Label","Global","User Defined","3","0"
"CAL_ecu_2gr_cylinder_air_mass_mg","400087be","Data Label","Global","User Defined","1","0"
"CAL_ecu_2gr_cylinder_air_mass_mg_obd_ii","400087c0","Data Label","Global","User Defined","1","0"
"CAL_vehicle_moving_threshold?","400087c5","Data Label","Global","User Defined","9","0"
"CAL_sensor_maf_buffer_size","400087cc","Data Label","Global","User Defined","6","0"
"CAL_injtip_comp_base","400087ce","Data Label","Global","User Defined","3","0"
"CAL_injtip_in_threshold","400087d2","Data Label","Global","User Defined","2","1"
"CAL_injtip_out_threshold","400087d6","Data Label","Global","User Defined","2","1"
"CAL_idle_tps_requested_max???","400087e4","Data Label","Global","User Defined","2","0"
"CAL_injtip_dfco_ips_min_accel_pedal","400087e6","Data Label","Global","User Defined","3","0"
"CAL_injtip_dfco_enable_accel_pedal","400087e7","Data Label","Global","User Defined","2","0"
"CAL_cluster_fuel_level_zero_clip_threshold","400087e8","Data Label","Global","User Defined","5","0"
"CAL_injtip_dfco_enable_temp","400087ec","Data Label","Global","User Defined","1","0"
"CAL_evap_commanded_purge_unknown","400087fa","Data Label","Global","User Defined","3","0"
"CAL_cruise_speed_error_limit","4000880e","Data Label","Global","User Defined","4","0"
"CAL_vvt_error_gain_startup","40008812","Data Label","Global","User Defined","4","0"
"CAL_cooling_aux_pump_enginespeed_disable_engine_on","4000881a","Data Label","Global","User Defined","1","0"
"CAL_revlimit_inj_threshold_unknown","40008820","Data Label","Global","User Defined","1","0"
"CAL_trans_gear_lookup_unknown2","40008824","Data Label","Global","User Defined","1","1"
"CAL_revlimit_startup_offset_decrement","40008854","Data Label","Global","User Defined","4","0"
"CAL_ign_zero_load_threshold","4000885c","Data Label","Global","User Defined","1","0"
"CAL_ign_zero_gear","4000885d","Data Label","Global","User Defined","1","0"
"CAL_ign_timer_unknown","4000885e","Data Label","Global","User Defined","2","0"
"CAL_cruise_speed_limit","40008860","Data Label","Global","User Defined","3","1"
"CAL_cruise_speed_deadband","40008864","Data Label","Global","User Defined","2","0"
"CAL_cruise_speed_increment","4000886c","Data Label","Global","User Defined","4","0"
"CAL_brake_or_clutch_inactive_timer","40008875","Data Label","Global","User Defined","1","0"
"CAL_ecu_inj_use_tmap","40008877","Data Label","Global","User Defined","5","0"
"CAL_load_cylinder_volume","40008878","Data Label","Global","User Defined","2","0"
"CAL_cooling_aux_pump_airtemp_disable_engine_on","4000887a","Data Label","Global","User Defined","2","0"
"CAL_cooling_aux_pump_enginespeed_enable_engine_on","4000887c","Data Label","Global","User Defined","1","0"
"CAL_tpssmooth_decrement_comp_gears_ips","4000887e","Data Label","Global","User Defined","2","6"
"CAL_inj_closedloop_engine_run_learn_timer_unknown","40008886","Data Label","Global","User Defined","1","0"
"CAL_exhaust_flap_RPM_threshold_open","4000888a","Data Label","Global","User Defined","1","0"
"CAL_exhaust_flap_RPM_threshold_close","4000888c","Data Label","Global","User Defined","1","0"
"CAL_exhaust_flap_startup_threshold","40008893","Data Label","Global","User Defined","1","0"
"CAL_revlimit_maf_error_max_10g","40008896","Data Label","Global","User Defined","3","0"
"CAL_roughness_enable_rpm","4000889a","Data Label","Global","User Defined","1","1"
"CAL_roughness_enable_load","4000889e","Data Label","Global","User Defined","1","1"
"CAL_roughness_ign_adv_min_sign_flipped","400088aa","Data Label","Global","User Defined","2","0"
"CAL_roughness_ign_adv_max","400088ab","Data Label","Global","User Defined","2","0"
"CAL_wheel_speed_front_dvdt_scaling","400088ad","Data Label","Global","User Defined","2","0"
"CAL_wheel_speed_timer1","400088ae","Data Label","Global","User Defined","2","0"
"CAL_revlimit_torque_clamp","400088b1","Data Label","Global","User Defined","2","0"
"CAL_revlimit_overrspeed_time","400088b3","Data Label","Global","User Defined","1","0"
"CAL_revlimit_max_with_speedlimit","400088b4","Data Label","Global","User Defined","1","0"
"CAL_vehicle_speed_limit","400088b6","Data Label","Global","User Defined","1","0"
"CAL_revlimit_overrun_count_threshold","400088b7","Data Label","Global","User Defined","3","0"
"CAL_vehicle_speed_limit_enforce","400088b8","Data Label","Global","User Defined","2","0"
"CAL_vehicle_speed_limit_enforce_margin","400088b9","Data Label","Global","User Defined","5","0"
"CAL_vehicle_standing_start_throttle_threshold","400088ba","Data Label","Global","User Defined","2","0"
"CAL_cluster_brake_switch_max_speed_ips_unknown","400088c0","Data Label","Global","User Defined","3","0"
"CAL_wheelspeed_threshold_unknown","400088d8","Data Label","Global","User Defined","1","0"
"CAL_tps_request_unknown","400088d9","Data Label","Global","User Defined","2","0"
"CAL_cruise_brake_timer???_default","400088de","Data Label","Global","User Defined","1","0"
"CAL_knock_agc_scaling_threshold","400088e0","Data Label","Global","User Defined","3","0"
"CAL_knock_mode","400088e2","Data Label","Global","User Defined","6","0"
"CAL_launch_enable_untested","400088e3","Data Label","Global","User Defined","1","0"
"CAL_vvt_low_load_disable","400088e5","Data Label","Global","User Defined","1","0"
"CAL_obd_ii_diag_unknown","400088e6","Data Label","Global","User Defined","5","0"
"CAL_vvt_low_load_map_enable_temp","400088e7","Data Label","Global","User Defined","1","0"
"CAL_tpssmooth_accel_pedal_modes_enable","400088e9","Data Label","Global","User Defined","2","0"
"CAL_cluster_oil_pressure_warning_light_mode","400088ea","Data Label","Global","User Defined","12","0"
"CAL_tpssmooth_pedalmap_low_gear_threshold","400088eb","Data Label","Global","User Defined","4","0"
"CAL_ecu_flexcan_config_unknown","400088ec","Data Label","Global","User Defined","18","0"
"CAL_tpssmooth_parking_threshold_tps","400088ed","Data Label","Global","User Defined","1","0"
"CAL_tpssmooth_parking_threshold_carspeed","400088ee","Data Label","Global","User Defined","1","0"
"CAL_tpssmooth_parking_threshold_gear","400088ef","Data Label","Global","User Defined","1","0"
"CAL_revlimit_startup_delay","400088f0","Data Label","Global","User Defined","1","0"
"CAL_revlimit_coolant_coldstart_threshold","400088f1","Data Label","Global","User Defined","2","0"
"CAL_launch_enable_steering_max","40008915","Data Label","Global","User Defined","3","0"
"CAL_launch_enable_carspeed","40008916","Data Label","Global","User Defined","2","1"
"CAL_launch_stationary_wait_time","40008918","Data Label","Global","User Defined","1","0"
"CAL_launch_enable_tps_margin","4000891a","Data Label","Global","User Defined","2","0"
"CAL_launch_activate_timer","4000891b","Data Label","Global","User Defined","1","0"
"CAL_launch_activate_tps_threshold","4000891c","Data Label","Global","User Defined","1","0"
"CAL_vvt_low_load_ips_enable","4000891e","Data Label","Global","User Defined","2","0"
"CAL_ecu_rpm_600","40008921","Data Label","Global","User Defined","2","0"
"CAL_revlimit_enforce_engine_start_delay???","40008923","Data Label","Global","User Defined","1","0"
"CAL_ecu_rpm_5250","40008928","Data Label","Global","User Defined","2","0"
"CAL_exhaust_flap_load_threshold_open","4000892a","Data Label","Global","User Defined","1","0"
"CAL_exhaust_flap_load_threshold_close","4000892b","Data Label","Global","User Defined","1","0"
"CAL_torque_hysteresis_threshold1","4000892c","Data Label","Global","User Defined","2","0"
"CAL_tpssmooth_parking_clutch_threshold","4000892d","Data Label","Global","User Defined","2","0"
"CAL_lfb_timer_entry","4000892e","Data Label","Global","User Defined","5","0"
"CAL_lfb_timer_hold","4000892f","Data Label","Global","User Defined","3","0"
"CAL_lfb_tps_max","40008931","Data Label","Global","User Defined","1","0"
"CAL_lfb_detect_carspeed_min","40008932","Data Label","Global","User Defined","1","0"
"CAL_lfb_pulse_enable","40008938","Data Label","Global","User Defined","2","0"
"CAL_lfb_clutch_threshold","4000893a","Data Label","Global","User Defined","1","0"
"CAL_sensor_fuel_pressure_scaling","40008940","Data Label","Global","User Defined","1","0"
"CAL_sensor_fuel_pressure_offset","40008942","Data Label","Global","User Defined","1","0"
"CAL_idle_low_car_speed_exit","40008944","Data Label","Global","User Defined","1","0"
"CAL_idle_low_car_speed_enter","40008945","Data Label","Global","User Defined","1","0"
"CAL_ac_compressor_engine_speed3","40008950","Data Label","Global","User Defined","1","1"
"CAL_cooling_engine_speed_unknown_threshold","40008952","Data Label","Global","User Defined","1","1"
"CAL_oil_pressure_switch_voltage_scaling","40008954","Data Label","Global","User Defined","1","0"
"CAL_oil_pressure_switch_offset","40008956","Data Label","Global","User Defined","1","0"
"CAL_torque_unknown_tps_clamp1","40008980","Data Label","Global","User Defined","2","0"
"CAL_torque_unknown_tps_clamp2","40008982","Data Label","Global","User Defined","2","0"
"CAL_torque_unknown_tps_clamp3","40008984","Data Label","Global","User Defined","2","0"
"CAL_torque_unknown_tps_clamp4","40008986","Data Label","Global","User Defined","2","0"
"CAL_revlimit_torque_limit_confirmation_threshold","40008988","Data Label","Global","User Defined","1","0"
"CAL_fuel_range_remaining_smoothing_factor","4000898f","Data Label","Global","User Defined","1","0"
"CAL_cluster_fuel_mileage_update_timer","40008991","Data Label","Global","User Defined","1","0"
"CAL_tpssmooth_increment_b_neutral_tour","40008992","Data Label","Global","User Defined","1","0"
"CAL_tpssmooth_increment_b_neutral_sport","40008993","Data Label","Global","User Defined","1","0"
"CAL_ign_comp_idle_error3_X_rpm","40008996","Data Label","Global","User Defined","3","0"
"CAL_ign_comp_idle_error3","400089a6","Data Label","Global","User Defined","3","0"
"CAL_idle_comp_accel_pedal_pos","400089be","Data Label","Global","User Defined","1","0"
"CAL_cluster_range_to_empty_limit","400089c6","Data Label","Global","User Defined","2","1"
"CAL_fuel_range_smoothing_interval","400089c8","Data Label","Global","User Defined","1","0"
"CAL_fuel_usage_reset_request_timer","400089c9","Data Label","Global","User Defined","1","0"
"CAL_unknown_rate_limit2_X_rpm","40008a6a","Data Label","Global","User Defined","1","0"
"CAL_unknown_rate_limit2","40008a72","Data Label","Global","User Defined","1","0"
"CAL_unknown_rate_limit3_X_rpm","40008a7a","Data Label","Global","User Defined","1","0"
"CAL_unknown_rate_limit3","40008a82","Data Label","Global","User Defined","1","0"
"CAL_injtip_transient_throttle_response_time_X_coolant_tmp","40008a8a","Data Label","Global","User Defined","1","0"
"CAL_injtip_transient_throttle_response_time_Y_rpm","40008a92","Data Label","Global","User Defined","1","0"
"CAL_injtip_transient_throttle_response_time","40008a9a","Data Label","Global","User Defined","1","0"
"CAL_injtip_comp_load1_X_load","40008ada","Data Label","Global","User Defined","1","0"
"CAL_injtip_comp_load1","40008aea","Data Label","Global","User Defined","1","0"
"CAL_inj_enrichment_factor_load_n_coolant_ips_X_load","40008afa","Data Label","Global","User Defined","1","0"
"CAL_inj_enrichment_factor_load_n_coolant_ips_Y_coolant","40008b06","Data Label","Global","User Defined","1","0"
"CAL_inj_enrichment_factor_load_n_coolant_ips","40008b16","Data Label","Global","User Defined","1","0"
"CAL_inj_comp_air_temp_startup_X_air_temp","40008bee","Data Label","Global","User Defined","4","0"
"CAL_inj_comp_air_temp_startup_Y_maf_accum","40008bf8","Data Label","Global","User Defined","4","0"
"CAL_inj_comp_air_temp_startup","40008c02","Data Label","Global","User Defined","4","0"
"CAL_sensor_engine_air_scaling","40008c66","Data Label","Global","User Defined","2","0"
"CAL_sensor_coolant_temp_sensor_engine_off_scaling","40008c88","Data Label","Global","User Defined","4","0"
"CAL_sensor_intake_air_scaling","40008caa","Data Label","Global","User Defined","2","0"
"CAL_injtip_dfco_manual_unknown1_X_coolant_temp","40008cec","Data Label","Global","User Defined","1","0"
"CAL_injtip_dfco_manual_unknown1","40008cf0","Data Label","Global","User Defined","1","0"
"CAL_ign_comp_coldstart_X_startup_temp","40008d0e","Data Label","Global","User Defined","1","0"
"CAL_ign_comp_coldstart","40008d16","Data Label","Global","User Defined","1","0"
"CAL_evap_timer_unknown1_X_coolant_temp","40008d1e","Data Label","Global","User Defined","1","0"
"CAL_evap_timer_unknown1","40008d26","Data Label","Global","User Defined","1","0"
"CAL_injtip_dfco_enable_rpm_manual_default_X_coolant","40008d3e","Data Label","Global","User Defined","1","0"
"CAL_injtip_dfco_enable_rpm_manual_default","40008d42","Data Label","Global","User Defined","1","0"
"CAL_ac_unknown1_X_rpm","40008d48","Data Label","Global","User Defined","1","0"
"CAL_ac_unknown1","40008d4c","Data Label","Global","User Defined","1","0"
"CAL_idle_comp_iat_X_iat","40008d56","Data Label","Global","User Defined","1","0"
"CAL_idle_comp_iat","40008d5e","Data Label","Global","User Defined","1","0"
"CAL_ign_comp_idle_error2_X_idle_speed_error","40008d90","Data Label","Global","User Defined","3","0"
"CAL_ign_comp_idle_error2","40008da0","Data Label","Global","User Defined","3","0"
"CAL_ign_comp_tps_manual_X_engine_speed","40008db0","Data Label","Global","User Defined","2","0"
"CAL_ign_comp_tps_manual_Y_accel_pedal","40008db8","Data Label","Global","User Defined","2","0"
"CAL_ign_comp_tps_manual","40008dc0","Data Label","Global","User Defined","2","0"
"CAL_ign_comp_tps_ips_X_engine_speed","40008e00","Data Label","Global","User Defined","2","0"
"CAL_ign_comp_tps_ips_Y_pedal_pos","40008e07","Data Label","Global","User Defined","2","0"
"CAL_ign_comp_tps_ips","40008e0f","Data Label","Global","User Defined","2","0"
"CAL_torque_unknown6_X_unknown","40008e48","Data Label","Global","User Defined","1","0"
"CAL_torque_unknown6","40008e50","Data Label","Global","User Defined","1","0"
"CAL_ecu_engine_speed_target_dec_gain_X_coolant_temp","40008e58","Data Label","Global","User Defined","1","0"
"CAL_ecu_engine_speed_target_dec_gain","40008e5c","Data Label","Global","User Defined","1","0"
"CAL_inj_closedloop_activate_engine_timer","40008e62","Data Label","Global","User Defined","1","0"
"CAL_vvt_intake_advance_base_X_engine_speed","40008e7a","Data Label","Global","User Defined","2","0"
"CAL_vvt_intake_advance_base_Y_load","40008e8a","Data Label","Global","User Defined","2","0"
"CAL_vvt_intake_advance_base","40008e9a","Data Label","Global","User Defined","2","0"
"CAL_vvt_intake_advance_coolant_offset_X_temp","40008f9a","Data Label","Global","User Defined","1","0"
"CAL_vvt_intake_advance_coolant_offset","40008faa","Data Label","Global","User Defined","1","0"
"CAL_torque_engine_ac_load_base_X_ac","4000913e","Data Label","Global","User Defined","1","0"
"CAL_torque_engine_ac_load_base","4000914e","Data Label","Global","User Defined","1","0"
"CAL_load_alphaN_seed_X_tps","40009162","Data Label","Global","User Defined","1","0"
"CAL_load_alphaN_seed","40009172","Data Label","Global","User Defined","1","0"
"CAL_injtip_dfco_ips_unknown1_X_coolant_temp","40009192","Data Label","Global","User Defined","1","0"
"CAL_injtip_dfco_ips_unknown1","40009196","Data Label","Global","User Defined","1","0"
"CAL_injtip_comp_negative_load_X_load","400091a2","Data Label","Global","User Defined","1","0"
"CAL_injtip_comp_negative_load","400091b2","Data Label","Global","User Defined","1","0"
"CAL_idle_target_manual_tour_X_coolant_temp","400091c2","Data Label","Global","User Defined","2","0"
"CAL_idle_target_manual_tour","400091d2","Data Label","Global","User Defined","2","0"
"CAL_tpssmooth_increment_rpm_X_rpm","4000927a","Data Label","Global","User Defined","1","0"
"CAL_tpssmooth_increment_rpm","40009282","Data Label","Global","User Defined","1","0"
"CAL_tpssmooth_increment_sport_X_tps_diff","4000928a","Data Label","Global","User Defined","1","0"
"CAL_tpssmooth_increment_sport","40009292","Data Label","Global","User Defined","1","0"
"CAL_ign_comp_coolant_manual1_X_coolant_temp","400092da","Data Label","Global","User Defined","1","0"
"CAL_ign_comp_coolant_manual1","400092ea","Data Label","Global","User Defined","1","0"
"CAL_ign_comp_idle_error1_X_rpm","400092fa","Data Label","Global","User Defined","3","0"
"CAL_ign_comp_idle_error1","4000930a","Data Label","Global","User Defined","3","0"
"CAL_ign_comp_engine_air_X_air_temp","4000931a","Data Label","Global","User Defined","1","0"
"CAL_ign_comp_engine_air","4000932a","Data Label","Global","User Defined","1","0"
"CAL_injtip_comp_rpm1_X_engine_speed","4000933a","Data Label","Global","User Defined","1","0"
"CAL_injtip_comp_rpm1","4000934a","Data Label","Global","User Defined","1","0"
"CAL_injtip_comp_step1_X_rpm","4000935a","Data Label","Global","User Defined","1","0"
"CAL_injtip_comp_step1","4000936a","Data Label","Global","User Defined","1","0"
"CAL_injtip_comp_temp1_X_coolant","4000937a","Data Label","Global","User Defined","1","0"
"CAL_injtip_comp_temp1","4000938a","Data Label","Global","User Defined","1","0"
"CAL_injtip_comp_negative_rpm_X_rpm","4000939a","Data Label","Global","User Defined","1","0"
"CAL_injtip_comp_negative_rpm","400093aa","Data Label","Global","User Defined","1","0"
"CAL_injtip_step_unknown_X_rpm","400093ba","Data Label","Global","User Defined","1","0"
"CAL_injtip_step_unknown","400093ca","Data Label","Global","User Defined","1","0"
"CAL_injtip_comp_negative_temp_X_coolant_temp","400093da","Data Label","Global","User Defined","1","0"
"CAL_injtip_comp_negative_temp","400093ea","Data Label","Global","User Defined","1","0"
"CAL_ign_limit_first_gear_manual_X_engine_speed","4000940a","Data Label","Global","User Defined","1","0"
"CAL_ign_limit_first_gear_manual","40009412","Data Label","Global","User Defined","1","0"
"CAL_idle_comp_baro2_X_ambiant_baro","4000941a","Data Label","Global","User Defined","1","0"
"CAL_idle_comp_baro2","4000942a","Data Label","Global","User Defined","1","0"
"CAL_tpssmooth_decrement_by_rpm_X_rpm","4000945a","Data Label","Global","User Defined","1","0"
"CAL_tpssmooth_decrement_by_rpm","40009462","Data Label","Global","User Defined","1","0"
"CAL_load_tps_max_X_rpm","40009482","Data Label","Global","User Defined","1","0"
"CAL_load_tps_max","40009492","Data Label","Global","User Defined","1","0"
"CAL_injtip_dfco_enable_rpm_ips_default_X_coolant","400094b2","Data Label","Global","User Defined","1","0"
"CAL_injtip_dfco_enable_rpm_ips_default","400094b6","Data Label","Global","User Defined","1","0"
"CAL_inj_efficiency_X_engine_speed","400095fa","Data Label","Global","User Defined","1","0"
"CAL_inj_efficiency_Y_engine_load","4000960e","Data Label","Global","User Defined","1","0"
"CAL_inj_efficiency","40009622","Data Label","Global","User Defined","1","0"
"CAL_load_to_tps_max_X_engine_speed","400097b2","Data Label","Global","User Defined","9","0"
"CAL_load_to_tps_max_Y_load","400097c6","Data Label","Global","User Defined","6","0"
"CAL_load_to_tps_max","400097da","Data Label","Global","User Defined","6","0"
"CAL_idle_target_manual_sport_X_coolant_temp","40009a3a","Data Label","Global","User Defined","2","0"
"CAL_idle_target_manual_sport","40009a4a","Data Label","Global","User Defined","2","0"
"CAL_vvt_exhaust_advance_base_X_engine_speed","40009a7a","Data Label","Global","User Defined","2","0"
"CAL_vvt_exhaust_advance_base_Y_load","40009a8a","Data Label","Global","User Defined","2","0"
"CAL_vvt_exhaust_advance_base","40009a9a","Data Label","Global","User Defined","2","0"
"CAL_cluster_gear_lookup_manual","40009b9a","Data Label","Global","User Defined","1","0"
"CAL_load_reference_charge_X_rpm","40009baa","Data Label","Global","User Defined","1","0"
"CAL_load_reference_charge","40009bba","Data Label","Global","User Defined","1","0"
"CAL_tpssmooth_increment_tour_X_tps_diff","40009bca","Data Label","Global","User Defined","1","0"
"CAL_tpssmooth_increment_tour","40009bd2","Data Label","Global","User Defined","1","0"
"CAL_load_unused1_X_rpm","40009bda","Data Label","Global","User Defined","1","0"
"CAL_load_unused1","40009bea","Data Label","Global","User Defined","1","0"
"CAL_inj_enrichment_factor_load_n_coolant_manual_X_load","40009bfa","Data Label","Global","User Defined","1","0"
"CAL_inj_enrichment_factor_load_n_coolant_manual_Y_coolant","40009c06","Data Label","Global","User Defined","1","0"
"CAL_inj_enrichment_factor_load_n_coolant_manual","40009c16","Data Label","Global","User Defined","1","0"
"CAL_torque_engine_ac_load_scaler_X_engine_speed","40009cd6","Data Label","Global","User Defined","1","0"
"CAL_torque_engine_ac_load_scaler","40009cde","Data Label","Global","User Defined","1","0"
"CAL_ecu_engine_speed_target_sport_X_pps","40009ce6","Data Label","Global","User Defined","1","0"
"CAL_ecu_engine_speed_target_sport","40009cfa","Data Label","Global","User Defined","1","0"
"CAL_torque_limit_by_coolant_X_coolant","40009d0e","Data Label","Global","User Defined","1","0"
"CAL_torque_limit_by_coolant","40009d12","Data Label","Global","User Defined","1","0"
"CAL_inj_comp_air_temp2_X_load","40009d1a","Data Label","Global","User Defined","2","0"
"CAL_inj_comp_air_temp2_Y_air_temp","40009d22","Data Label","Global","User Defined","2","0"
"CAL_inj_comp_air_temp2","40009d32","Data Label","Global","User Defined","2","0"
"CAL_idle_comp_tps_while_cranking_X_baro","40009dd2","Data Label","Global","User Defined","1","0"
"CAL_idle_comp_tps_while_cranking_Y_coolant_temp","40009dd6","Data Label","Global","User Defined","1","0"
"CAL_idle_comp_tps_while_cranking","40009de6","Data Label","Global","User Defined","1","0"
"CAL_knock_inhibit_tps_max_X_rpm","40009e2a","Data Label","Global","User Defined","1","0"
"CAL_knock_inhibit_tps_max","40009e3a","Data Label","Global","User Defined","1","0"
"CAL_cooling_fan_afterrun_X_air_temp","40009e8a","Data Label","Global","User Defined","1","0"
"CAL_cooling_fan_afterrun_Y_coolant_temp","40009e92","Data Label","Global","User Defined","1","0"
"CAL_cooling_fan_afterrun","40009e9a","Data Label","Global","User Defined","1","0"
"CAL_fuel_pump_correction_gain_X_error","40009efa","Data Label","Global","User Defined","1","0"
"CAL_fuel_pump_correction_gain","40009f02","Data Label","Global","User Defined","1","0"
"CAL_inj_startup_enrichment_offset_X_coolant_temp_engine_stopped","40009f0a","Data Label","Global","User Defined","1","0"
"CAL_inj_startup_enrichment_offset","40009f1a","Data Label","Global","User Defined","1","0"
"CAL_inj_pulse_time_first_fire_offset","40009f1a","Data Label","Global","User Defined","0","0"
"CAL_inj_comp_iat_X_iat","40009f3a","Data Label","Global","User Defined","2","0"
"CAL_inj_comp_iat","40009f42","Data Label","Global","User Defined","2","0"
"CAL_ign_comp_maf_accum_X_maf_accum","40009fa2","Data Label","Global","User Defined","1","0"
"CAL_ign_comp_maf_accum_Y_tps","40009faa","Data Label","Global","User Defined","1","0"
"CAL_ign_comp_maf_accum","40009fb2","Data Label","Global","User Defined","1","0"
"CAL_ign_dwell_time_X_rpm","40009ff2","Data Label","Global","User Defined","1","0"
"CAL_ign_dwell_time_Y_ecu_voltage","40009ffa","Data Label","Global","User Defined","1","0"
"CAL_ign_dwell_time","4000a002","Data Label","Global","User Defined","1","0"
"CAL_ign_knock_safe_X_engine_speed","4000a042","Data Label","Global","User Defined","1","0"
"CAL_ign_knock_safe_Y_load","4000a056","Data Label","Global","User Defined","1","0"
"CAL_ign_knock_safe","4000a06a","Data Label","Global","User Defined","1","0"
"CAL_inj_afr_base_X_engine_speed","4000a1fa","Data Label","Global","User Defined","1","0"
"CAL_inj_afr_base_Y_engine_load","4000a20e","Data Label","Global","User Defined","1","0"
"CAL_inj_afr_base","4000a222","Data Label","Global","User Defined","1","0"
"CAL_ign_base_manual_X_engine_speed","4000a3b2","Data Label","Global","User Defined","1","0"
"CAL_ign_base_manual_Y_load","4000a3c6","Data Label","Global","User Defined","1","0"
"CAL_ign_base_manual","4000a3da","Data Label","Global","User Defined","1","0"
"CAL_torque_engine_friction_speed_component_X_engine_speed","4000a56a","Data Label","Global","User Defined","2","0"
"CAL_torque_engine_friction_speed_component_Y_load","4000a57e","Data Label","Global","User Defined","2","0"
"CAL_torque_engine_friction_speed_component","4000a592","Data Label","Global","User Defined","2","0"
"CAL_inj_cranking_enrichment_coolant_manual_X_coolant_engine_stopped","4000a722","Data Label","Global","User Defined","1","0"
"CAL_inj_cranking_enrichment_coolant_manual_Y_maf_accumulated","4000a73a","Data Label","Global","User Defined","1","0"
"CAL_inj_cranking_enrichment_coolant_manual","4000a756","Data Label","Global","User Defined","1","0"
"CAL_tps_rate_unknown2_X_rpm","4000a8a6","Data Label","Global","User Defined","1","0"
"CAL_tps_rate_unknown2_Y_tps","4000a8aa","Data Label","Global","User Defined","1","0"
"CAL_tps_rate_unknown2","4000a8ae","Data Label","Global","User Defined","1","0"
"CAL_sensor_maf_scaling_X_signal","4000a8c2","Data Label","Global","User Defined","3","0"
"CAL_sensor_maf_scaling","4000a902","Data Label","Global","User Defined","3","0"
"CAL_tpssmooth_decrement_by_delta_X_tps_delta","4000a962","Data Label","Global","User Defined","1","0"
"CAL_tpssmooth_decrement_by_delta","4000a96a","Data Label","Global","User Defined","1","0"
"CAL_revlimit_speedbase_manual_tour_X_coolant_temp","4000a972","Data Label","Global","User Defined","2","0"
"CAL_revlimit_speedbase_manual_tour_Y_timer","4000a97a","Data Label","Global","User Defined","2","0"
"CAL_revlimit_speedbase_manual_tour","4000a982","Data Label","Global","User Defined","2","0"
"CAL_idle_comp_ecu_v_unknown_X_voltage","4000a9a2","Data Label","Global","User Defined","1","0"
"CAL_idle_comp_ecu_v_unknown","4000a9b2","Data Label","Global","User Defined","1","0"
"CAL_ign_comp_rpm_X_engine_speed","4000a9c2","Data Label","Global","User Defined","1","0"
"CAL_ign_comp_rpm","4000a9d2","Data Label","Global","User Defined","1","0"
"CAL_ign_comp_rpm_multiplier_X_coolant_temp","4000a9e2","Data Label","Global","User Defined","1","0"
"CAL_ign_comp_rpm_multiplier","4000a9ea","Data Label","Global","User Defined","1","0"
"CAL_ign_comp_speed_variation_unknown_X_rpm_delta","4000a9f2","Data Label","Global","User Defined","3","0"
"CAL_ign_comp_speed_variation_unknown","4000aa02","Data Label","Global","User Defined","3","0"
"CAL_vvt_start_timer_X_coolant_temp","4000aa12","Data Label","Global","User Defined","1","0"
"CAL_vvt_start_timer","4000aa1a","Data Label","Global","User Defined","1","0"
"CAL_ign_comp_tps_rate_X_tps_rate","4000aa32","Data Label","Global","User Defined","3","0"
"CAL_ign_comp_tps_rate","4000aa3a","Data Label","Global","User Defined","3","0"
"CAL_knock_sampling_window_X_rpm","4000aa42","Data Label","Global","User Defined","1","0"
"CAL_knock_sampling_window_Y_load","4000aa52","Data Label","Global","User Defined","1","0"
"CAL_knock_sampling_window","4000aa62","Data Label","Global","User Defined","1","1"
"CAL_knock_buffer_size_X_engine_speed","4000ab62","Data Label","Global","User Defined","1","0"
"CAL_knock_buffer_size_Y_load","4000ab72","Data Label","Global","User Defined","1","0"
"CAL_knock_buffer_size","4000ab82","Data Label","Global","User Defined","1","0"
"CAL_cooling_fan1_ac_on_X_air_temp","4000ac82","Data Label","Global","User Defined","1","0"
"CAL_cooling_fan1_ac_on_Y_car_speed","4000ac88","Data Label","Global","User Defined","1","0"
"CAL_cooling_fan1_ac_on","4000ac8e","Data Label","Global","User Defined","1","0"
"CAL_inj_time_base_X_car_voltage","4000acd2","Data Label","Global","User Defined","1","0"
"CAL_inj_time_base_Y_fuel_pressure","4000acda","Data Label","Global","User Defined","1","0"
"CAL_inj_time_base","4000ace2","Data Label","Global","User Defined","1","0"
"CAL_sensor_ac_evap_temp_scaling_X_voltage","4000ad22","Data Label","Global","User Defined","1","0"
"CAL_sensor_ac_evap_temp_scaling","4000ad42","Data Label","Global","User Defined","1","0"
"CAL_inj_accel_enrichment_load_threshold_X_rpm","4000ad62","Data Label","Global","User Defined","1","0"
"CAL_inj_accel_enrichment_load_threshold","4000ad6a","Data Label","Global","User Defined","1","0"
"CAL_sensor_fuel_level_X_voltage","4000ad72","Data Label","Global","User Defined","4","0"
"CAL_sensor_fuel_level","4000ad82","Data Label","Global","User Defined","4","0"
"CAL_revlimit_escalation_integrator_step_X_gear","4000ad92","Data Label","Global","User Defined","1","0"
"CAL_revlimit_escalation_integrator_step","4000ad99","Data Label","Global","User Defined","1","0"
"CAL_ign_comp_startup_manual_X_maf_accum","4000ada2","Data Label","Global","User Defined","1","0"
"CAL_ign_comp_startup_manual","4000adb2","Data Label","Global","User Defined","1","0"
"CAL_torque_unknown7_X_unknown","4000adc2","Data Label","Global","User Defined","1","0"
"CAL_torque_unknown7","4000adca","Data Label","Global","User Defined","1","0"
"CAL_idle_target_ips_coolant_fallback_X_coolant_temp","4000add2","Data Label","Global","User Defined","3","0"
"CAL_idle_target_ips_coolant_fallback","4000ade2","Data Label","Global","User Defined","3","0"
"CAL_load_alphaN_base_X_engine_speed","4000adf2","Data Label","Global","User Defined","5","0"
"CAL_load_alphaN_base_Y_tps","4000ae06","Data Label","Global","User Defined","2","0"
"CAL_load_alphaN_base","4000ae1a","Data Label","Global","User Defined","2","0"
"CAL_torque_limit_by_engine_speed_ips_X_engine_speed","4000afaa","Data Label","Global","User Defined","1","0"
"CAL_torque_limit_by_engine_speed_ips","4000afb2","Data Label","Global","User Defined","1","0"
"CAL_torque_limit_by_engine_speed_manual_X_engine_speed","4000afba","Data Label","Global","User Defined","1","0"
"CAL_torque_limit_by_engine_speed_manual","4000afc2","Data Label","Global","User Defined","1","0"
"CAL_tpstarget_tour_ips_X_pps","4000b032","Data Label","Global","User Defined","3","0"
"CAL_tpstarget_tour_ips","4000b052","Data Label","Global","User Defined","3","0"
"CAL_tpstarget_sport_ips_X_pps","4000b072","Data Label","Global","User Defined","1","0"
"CAL_tpstarget_sport_ips","4000b092","Data Label","Global","User Defined","1","0"
"CAL_knock_sensitivity_X_engine_speed","4000b0b2","Data Label","Global","User Defined","1","0"
"CAL_knock_sensitivity_Y_load","4000b0ba","Data Label","Global","User Defined","1","0"
"CAL_knock_sensitivity","4000b0c2","Data Label","Global","User Defined","1","0"
"CAL_knock_peak_threshold_X_engine_speed","4000b102","Data Label","Global","User Defined","1","0"
"CAL_knock_peak_threshold_Y_load","4000b10a","Data Label","Global","User Defined","1","0"
"CAL_knock_peak_threshold","4000b112","Data Label","Global","User Defined","1","0"
"CAL_knock_count_to_retard_X_knock_count","4000b152","Data Label","Global","User Defined","1","0"
"CAL_knock_count_to_retard","4000b15a","Data Label","Global","User Defined","1","0"
"CAL_knock_detection_load_threshold_X_rpm","4000b162","Data Label","Global","User Defined","1","0"
"CAL_knock_detection_load_threshold","4000b16a","Data Label","Global","User Defined","1","0"
"CAL_knock_learning_load_threshold_X_rpm","4000b172","Data Label","Global","User Defined","1","0"
"CAL_knock_learning_load_threshold","4000b17a","Data Label","Global","User Defined","1","0"
"CAL_tpstarget_tour_manual_X_pps","4000b2b2","Data Label","Global","User Defined","3","0"
"CAL_tpstarget_tour_manual","4000b2d2","Data Label","Global","User Defined","3","0"
"CAL_tpstarget_sport_manual_X_pps","4000b332","Data Label","Global","User Defined","1","0"
"CAL_tpstarget_sport_manual","4000b352","Data Label","Global","User Defined","1","0"
"CAL_ign_comp_tps2_X_engine_speed","4000b372","Data Label","Global","User Defined","2","0"
"CAL_ign_comp_tps2_Y_accel_pedal","4000b37a","Data Label","Global","User Defined","2","0"
"CAL_ign_comp_tps2","4000b38a","Data Label","Global","User Defined","2","0"
"CAL_inj_cranking_enrichment_coolant_ips_X_coolant_engine_stopped","4000b40a","Data Label","Global","User Defined","1","0"
"CAL_inj_cranking_enrichment_coolant_ips_Y_maf_accumulated","4000b422","Data Label","Global","User Defined","1","0"
"CAL_inj_cranking_enrichment_coolant_ips","4000b43e","Data Label","Global","User Defined","1","0"
"CAL_torque_torque_to_load_X_engine_speed","4000b64a","Data Label","Global","User Defined","2","0"
"CAL_torque_torque_to_load_Y_torque","4000b66a","Data Label","Global","User Defined","2","0"
"CAL_torque_torque_to_load","4000b68a","Data Label","Global","User Defined","2","0"
"CAL_torque_ign_retard_base_X_engine_speed","4000b88a","Data Label","Global","User Defined","1","0"
"CAL_torque_ign_retard_base_Y_torque_reduction_factor","4000b89a","Data Label","Global","User Defined","1","0"
"CAL_torque_ign_retard_base","4000b8aa","Data Label","Global","User Defined","1","0"
"CAL_ign_min_X_engine_speed","4000b9aa","Data Label","Global","User Defined","1","0"
"CAL_ign_min_Y_load","4000b9ba","Data Label","Global","User Defined","1","0"
"CAL_ign_min","4000b9ca","Data Label","Global","User Defined","1","0"
"CAL_idle_target_ips_X_coolant_temp","4000baca","Data Label","Global","User Defined","1","0"
"CAL_idle_target_ips","4000bada","Data Label","Global","User Defined","1","0"
"CAL_torque_?6_X_engine_speed","4000baea","Data Label","Global","User Defined","1","0"
"CAL_torque_?6_Y_load","4000bafa","Data Label","Global","User Defined","1","0"
"CAL_torque_?6","4000bb0a","Data Label","Global","User Defined","1","0"
"CAL_torque_engine_friction_temp_component_X_coolant","4000bc0a","Data Label","Global","User Defined","1","0"
"CAL_torque_engine_friction_temp_component_Y_load","4000bc12","Data Label","Global","User Defined","1","0"
"CAL_torque_engine_friction_temp_component","4000bc1a","Data Label","Global","User Defined","1","0"
"CAL_torque_factor_base_ign_intervention_X_engine_speed","4000bc5a","Data Label","Global","User Defined","2","0"
"CAL_torque_factor_base_ign_intervention_Y_ign_adv","4000bc6a","Data Label","Global","User Defined","2","0"
"CAL_torque_factor_base_ign_intervention","4000bc7a","Data Label","Global","User Defined","2","0"
"CAL_torque_factor_base_engine_speed_load_X_engine_speed","4000bd7a","Data Label","Global","User Defined","1","0"
"CAL_torque_factor_base_engine_speed_load_Y_load","4000bd8a","Data Label","Global","User Defined","1","0"
"CAL_torque_factor_base_engine_speed_load","4000bd9a","Data Label","Global","User Defined","1","0"
"CAL_ign_comp_coolant_ips_noflags_X_coolant_temp","4000bffa","Data Label","Global","User Defined","1","0"
"CAL_ign_comp_coolant_ips_noflags","4000c00a","Data Label","Global","User Defined","1","0"
"CAL_revlimit_speedbase_manual_sport_X_coolant_temp","4000c01a","Data Label","Global","User Defined","2","0"
"CAL_revlimit_speedbase_manual_sport_Y_timer","4000c022","Data Label","Global","User Defined","2","0"
"CAL_revlimit_speedbase_manual_sport","4000c02a","Data Label","Global","User Defined","2","0"
"CAL_revlimit_speedbase_ips_tour_X_coolant_temp","4000c04a","Data Label","Global","User Defined","2","0"
"CAL_revlimit_speedbase_ips_tour_Y_timer","4000c052","Data Label","Global","User Defined","2","0"
"CAL_revlimit_speedbase_ips_tour","4000c05a","Data Label","Global","User Defined","2","0"
"CAL_revlimit_speedbase_ips_sport_X_coolant_temp","4000c07a","Data Label","Global","User Defined","2","0"
"CAL_revlimit_speedbase_ips_sport_Y_timer","4000c082","Data Label","Global","User Defined","2","0"
"CAL_revlimit_speedbase_ips_sport","4000c08a","Data Label","Global","User Defined","2","0"
"CAL_revlimit_coldstart_rpm_envelope_X_index","4000c0aa","Data Label","Global","User Defined","2","0"
"CAL_revlimit_coldstart_rpm_envelope","4000c0b2","Data Label","Global","User Defined","2","0"
"CAL_ign_min_engine_off_X_engine_speed","4000c0cb","Data Label","Global","User Defined","1","0"
"CAL_ign_min_engine_off_Y_load","4000c0ce","Data Label","Global","User Defined","1","0"
"CAL_ign_min_engine_off","4000c0d1","Data Label","Global","User Defined","1","0"
"CAL_inj_bank_balance_X_engine_speed","4000c0da","Data Label","Global","User Defined","1","0"
"CAL_inj_bank_balance_Y_load","4000c0ee","Data Label","Global","User Defined","1","0"
"CAL_inj_bank_balance","4000c102","Data Label","Global","User Defined","1","0"
"CAL_ign_mbt_modeled_X_engine_speed","4000c292","Data Label","Global","User Defined","1","0"
"CAL_ign_mbt_modeled_Y_load","4000c2a6","Data Label","Global","User Defined","1","0"
"CAL_ign_mbt_modeled","4000c2ba","Data Label","Global","User Defined","1","0"
"CAL_load_baro_gain_X_rpm","4000c51a","Data Label","Global","User Defined","1","0"
"CAL_load_baro_gain_Y_load","4000c52a","Data Label","Global","User Defined","1","0"
"CAL_load_baro_gain","4000c53a","Data Label","Global","User Defined","1","0"
"CAL_idle_comp_while_moving_X_rpm","4000c63a","Data Label","Global","User Defined","1","0"
"CAL_idle_comp_while_moving","4000c65a","Data Label","Global","User Defined","1","0"
"CAL_cluster_gear_lookup_ips","4000c67a","Data Label","Global","User Defined","1","0"
"CAL_vvt_exhaust_comp_temp_X_coolant_temp","4000c68a","Data Label","Global","User Defined","1","0"
"CAL_vvt_exhaust_comp_temp","4000c69a","Data Label","Global","User Defined","1","0"
"CAL_idle_comp_steering_X_steering_load","4000c6aa","Data Label","Global","User Defined","1","0"
"CAL_idle_comp_steering","4000c6ae","Data Label","Global","User Defined","1","0"
"CAL_ign_comp_coolant_manual_vvt_alt_X_coolant_temp","4000c6b2","Data Label","Global","User Defined","1","0"
"CAL_ign_comp_coolant_manual_vvt_alt","4000c6c2","Data Label","Global","User Defined","1","0"
"CAL_ign_comp_coolant_ips_flags_X_coolant_temp","4000c6d2","Data Label","Global","User Defined","1","0"
"CAL_ign_comp_coolant_ips_flags","4000c6e2","Data Label","Global","User Defined","1","0"
"CAL_vvt_intake_advance_base_low_load_X_engine_speed","4000c6f2","Data Label","Global","User Defined","3","1"
"CAL_vvt_intake_advance_base_low_load_Y_load","4000c6f8","Data Label","Global","User Defined","3","1"
"CAL_vvt_intake_advance_base_low_load","4000c6fe","Data Label","Global","User Defined","1","0"
"CAL_injtip_dfco_enable_rpm_ips_firstgear_X_coolant","4000c722","Data Label","Global","User Defined","1","0"
"CAL_injtip_dfco_enable_rpm_ips_firstgear","4000c726","Data Label","Global","User Defined","1","0"
"CAL_vvt_exhaust_advance_base_low_load_X_engine_speed","4000c76a","Data Label","Global","User Defined","3","1"
"CAL_vvt_exhaust_advance_base_low_load_Y_load","4000c770","Data Label","Global","User Defined","3","1"
"CAL_vvt_exhaust_advance_base_low_load","4000c776","Data Label","Global","User Defined","1","0"
"CAL_idle_air_control_proportional_X_speed_error","4000c7a2","Data Label","Global","User Defined","1","0"
"CAL_idle_air_control_proportional","4000c7c2","Data Label","Global","User Defined","1","0"
"CAL_ign_comp_startup_ips_X_coolant_temp_engine_stopped","4000c7e2","Data Label","Global","User Defined","1","0"
"CAL_ign_comp_startup_ips_Y_maf_accumulated","4000c7ea","Data Label","Global","User Defined","1","0"
"CAL_ign_comp_startup_ips","4000c7fe","Data Label","Global","User Defined","1","0"
"CAL_revlimit_trim_per_gear_X_gear","4000c84e","Data Label","Global","User Defined","1","0"
"CAL_revlimit_trim_per_gear","4000c855","Data Label","Global","User Defined","1","0"
"CAL_revlimit_airflow_threshold_X_gear","4000c85c","Data Label","Global","User Defined","1","0"
"CAL_revlimit_airflow_threshold","4000c863","Data Label","Global","User Defined","1","0"
"CAL_ecu_engine_speed_target_tour_X_pps","4000c86a","Data Label","Global","User Defined","1","0"
"CAL_ecu_engine_speed_target_tour","4000c87e","Data Label","Global","User Defined","1","0"
"CAL_idle_error_correction_unknown_X_speed_error","4000c892","Data Label","Global","User Defined","1","0"
"CAL_idle_error_correction_unknown","4000c8b2","Data Label","Global","User Defined","1","0"
"CAL_launch_unknown_manual_X_unknown","4000c8d2","Data Label","Global","User Defined","1","0"
"CAL_launch_unknown_manual","4000c8da","Data Label","Global","User Defined","1","0"
"CAL_launch_unknown_ips_nolc_X_unknown","4000c8e2","Data Label","Global","User Defined","1","0"
"CAL_launch_unknown_ips_nolc","4000c8ea","Data Label","Global","User Defined","1","0"
"CAL_launch_unknown_ips_X_unknown","4000c902","Data Label","Global","User Defined","1","0"
"CAL_launch_unknown_ips","4000c90a","Data Label","Global","User Defined","1","0"
"CAL_tpstarget_tour_shifting_X_pps","4000c912","Data Label","Global","User Defined","1","0"
"CAL_tpstarget_tour_shifting","4000c932","Data Label","Global","User Defined","1","0"
"CAL_tpstarget_sport_shifting_X_pps","4000c952","Data Label","Global","User Defined","1","0"
"CAL_tpstarget_sport_shifting","4000c972","Data Label","Global","User Defined","1","0"
"CAL_revlimit_airflow_gain_from_rpm_delta_X_gear","4000c992","Data Label","Global","User Defined","1","0"
"CAL_revlimit_airflow_gain_from_rpm_delta","4000c999","Data Label","Global","User Defined","1","0"
"CAL_revlimit_airflow_gain_from_integrator_X_gear","4000c9a0","Data Label","Global","User Defined","1","0"
"CAL_revlimit_airflow_gain_from_integrator","4000c9a7","Data Label","Global","User Defined","1","0"
"CAL_revlimit_airflow_gain_from_rpm_X_gear","4000c9ae","Data Label","Global","User Defined","1","0"
"CAL_revlimit_airflow_gain_from_rpm","4000c9b5","Data Label","Global","User Defined","1","0"
"CAL_obd_ii_coolant_warmup_thresholds","4000c9c4","Data Label","Global","User Defined","1","1"
"CAL_oil_pressure_low_timer_threshold","4000c9d6","Data Label","Global","User Defined","1","0"
"CAL_cluster_test_enable???","4000c9d8","Data Label","Global","User Defined","1","0"
"CAL_sensor_iat_voltage_threshold","4000c9ee","Data Label","Global","User Defined","2","1"
"CAL_obd_ii_postcat_o2_voltage_scaling_unknown","4000c9fa","Data Label","Global","User Defined","4","0"
"CAL_sensor_coolant_voltage_threshold","4000ca04","Data Label","Global","User Defined","2","1"
"CAL_revlimit_limp_mode","4000ca08","Data Label","Global","User Defined","3","0"
"CAL_ecu_system_voltage_threshold","4000ca0c","Data Label","Global","User Defined","1","1"
"CAL_vvt_exhaust_min_position_unknown","4000ca2a","Data Label","Global","User Defined","2","0"
"CAL_misfire_unknown_coolant_range_high","4000ca30","Data Label","Global","User Defined","1","0"
"CAL_misfire_unknown_coolant_range_low","4000ca31","Data Label","Global","User Defined","1","0"
"CAL_cluster_coolant_warning","4000ca32","Data Label","Global","User Defined","1","1"
"CAL_misfire_unknown_rpm_range_low","4000ca36","Data Label","Global","User Defined","1","0"
"CAL_misfire_unknown_rpm_range_high","4000ca37","Data Label","Global","User Defined","1","0"
"CAL_vvt_zero_target_timeout","4000ca47","Data Label","Global","User Defined","8","0"
"CAL_wheel_speed_rate_min","4000ca54","Data Label","Global","User Defined","4","0"
"CAL_obd_ii_o2_sensors_present","4000ca5d","Data Label","Global","User Defined","1","0"
"CAL_obd_ii_standards_supported","4000ca5e","Data Label","Global","User Defined","7","0"
"CAL_sensor_accel_pedal_pos_d_threshold","4000ca7a","Data Label","Global","User Defined","1","1"
"CAL_sensor_accel_pedal_pos_e_threshold","4000ca7e","Data Label","Global","User Defined","1","1"
"CAL_obd_ii_o2_precat_diag_timer","4000ca8a","Data Label","Global","User Defined","3","0"
"CAL_obd_ii_mode2f_timeout","4000ca8c","Data Label","Global","User Defined","31","0"
"CAL_ecu_obd_mode2F_timer","4000ca90","Data Label","Global","User Defined","2","0"
"CAL_sensor_iat_fallback","4000ca9c","Data Label","Global","User Defined","2","0"
"CAL_sensor_coolant_temp_fallback_value","4000ca9d","Data Label","Global","User Defined","1","0"
"CAL_cluster_fuel_level_warning_threshold","4000caa0","Data Label","Global","User Defined","1","1"
"CAL_sensor_manifold_temp_sensor_present","4000caa2","Data Label","Global","User Defined","6","0"
"CAL_ecu_load_use_tmap","4000caac","Data Label","Global","User Defined","1","0"
"CAL_oil_pressure_switch_startup_time","4000cab0","Data Label","Global","User Defined","1","0"
"CAL_obd_ii_oil_pressure_switch_low_voltage","4000cab4","Data Label","Global","User Defined","1","0"
"CAL_sensor_intake_air_temp_voltage_threshold","4000cab6","Data Label","Global","User Defined","2","1"
"CAL_sensor_o2_lean_voltage_threshold","4000cacc","Data Label","Global","User Defined","20","0"
"CAL_sensor_o2_rich_voltage_threshold","4000cace","Data Label","Global","User Defined","12","0"
"CAL_sensor_o2_threshold_unknown","4000cad4","Data Label","Global","User Defined","17","0"
"CAL_obd_ii_fuel_type","4000cae2","Data Label","Global","User Defined","2","0"
"CAL_sensor_fuel_level_sensor_voltage_threshold","4000caea","Data Label","Global","User Defined","2","1"
"CAL_cooling_thermostat_open","4000cb22","Data Label","Global","User Defined","6","0"
"CAL_sensor_knock_voltage_threshold","4000cb24","Data Label","Global","User Defined","2","1"
"CAL_wheel_speed_multiplier_front","4000cb46","Data Label","Global","User Defined","2","0"
"CAL_wheel_speed_multiplier_rear","4000cb48","Data Label","Global","User Defined","2","0"
"CAL_sensor_temp_diagnostic_startup_delay","4000cb4a","Data Label","Global","User Defined","6","0"
"CAL_sensor_tps_voltage_theshold???","4000cb50","Data Label","Global","User Defined","1","1"
"CAL_trans_gear_ratio_sport","4000cb6a","Data Label","Global","User Defined","1","11"
"CAL_fuel_usage_to_flow_scaling","4000cb8e","Data Label","Global","User Defined","2","0"
"CAL_idle_coolant_fallback_temp???","4000cbb0","Data Label","Global","User Defined","4","0"
"CAL_wheel_speed_min","4000cbc4","Data Label","Global","User Defined","4","0"
"CAL_sensor_adc37_threshold","4000cbcc","Data Label","Global","User Defined","1","1"
"CAL_knock_threshold_obd_ii_check_enable_engine_speed","4000cbfa","Data Label","Global","User Defined","1","0"
"CAL_knock_threshold_obd_ii_check_enable_load","4000cbfc","Data Label","Global","User Defined","1","0"
"CAL_sensor_lat_accel_raw_threshold","4000cc01","Data Label","Global","User Defined","1","0"
"CAL_sensor_lat_accel_smoothing_factor","4000cc02","Data Label","Global","User Defined","2","0"
"CAL_traction_gear_speed_ratios_ips","4000cc04","Data Label","Global","User Defined","1","5"
"CAL_traction_gear_speed_ratios_cr","4000cc10","Data Label","Global","User Defined","1","5"
"CAL_traction_gear_speed_ratios_long","4000cc1c","Data Label","Global","User Defined","1","5"
"CAL_traction_slip_threshold_1st_Gear","4000cc28","Data Label","Global","User Defined","3","0"
"CAL_traction_slip_threshold_per_gear_manual","4000cc29","Data Label","Global","User Defined","2","4"
"CAL_traction_slip_threshold_per_gear_ips","4000cc2e","Data Label","Global","User Defined","1","4"
"CAL_traction_mode","4000cc33","Data Label","Global","User Defined","6","0"
"CAL_traction_inhibit_accel_pedal_min","4000cc34","Data Label","Global","User Defined","1","0"
"CAL_traction_steering_angle_max_unknown","4000cc36","Data Label","Global","User Defined","2","0"
"CAL_traction_threshold_car_speed","4000cc3a","Data Label","Global","User Defined","1","0"
"CAL_traction_coldstart_coolant_threshold","4000cc3b","Data Label","Global","User Defined","1","0"
"CAL_traction_timer_per_gear_intervention","4000cc3c","Data Label","Global","User Defined","11","0"
"CAL_traction_inhibit_cornering_base","4000cc3d","Data Label","Global","User Defined","2","0"
"CAL_traction_inhibit_cornering_offset","4000cc3e","Data Label","Global","User Defined","1","0"
"CAL_traction_steering_rate_factor","4000cc3f","Data Label","Global","User Defined","1","0"
"CAL_traction_steering_increase_factor_min","4000cc40","Data Label","Global","User Defined","2","0"
"CAL_traction_steering_angle_smooth_factor","4000cc41","Data Label","Global","User Defined","2","0"
"CAL_traction_inhibit_accel_pedal_timer","4000cc42","Data Label","Global","User Defined","1","0"
"CAL_track_slip_offset_unknown","4000cc44","Data Label","Global","User Defined","2","0"
"CAL_tc_timer_intervention???","4000cc45","Data Label","Global","User Defined","6","0"
"CAL_traction_gear_offset_unknown","4000cc46","Data Label","Global","User Defined","4","0"
"CAL_traction_wheelspeed_front_accel_threshold","4000cc48","Data Label","Global","User Defined","2","0"
"CAL_traction_enable_speed","4000cc49","Data Label","Global","User Defined","1","0"
"CAL_trans_pump_car_speed_threshold","4000cc94","Data Label","Global","User Defined","1","1"
"CAL_trans_pump_coolant_temp_activate_low","4000cc96","Data Label","Global","User Defined","1","0"
"CAL_trans_pump_coolant_temp_deactivate_low","4000cc97","Data Label","Global","User Defined","1","0"
"CAL_trans_fluid_temp_warm","4000cc98","Data Label","Global","User Defined","1","0"
"CAL_trans_fluid_temp_threshold_high","4000cc99","Data Label","Global","User Defined","1","0"
"CAL_trans_fluid_temp_threshold_low","4000cc9a","Data Label","Global","User Defined","1","0"
"CAL_trans_fluid_temp_hot","4000cc9b","Data Label","Global","User Defined","1","0"
"CAL_trans_pump_coolant_temp_deactivate_high","4000cc9c","Data Label","Global","User Defined","1","0"
"CAL_trans_pump_coolant_temp_activate_high","4000cc9d","Data Label","Global","User Defined","1","0"
"CAL_trans_fluid_temp_unknown","4000cc9e","Data Label","Global","User Defined","1","0"
"CAL_trans_fluid_temp_very_hot","4000cc9f","Data Label","Global","User Defined","1","0"
"CAL_trans_temp_voltage_threshold","4000cca4","Data Label","Global","User Defined","1","1"
"CAL_trans_fluid_P2797_threshold","4000cca8","Data Label","Global","User Defined","2","0"
"CAL_obd_ii_engine_reference_torque_ips","4000ccb8","Data Label","Global","User Defined","2","0"
"CAL_obd_ii_engine_reference_torque_manual","4000ccba","Data Label","Global","User Defined","2","0"
"CAL_torque_load_to_torque_X_engine_speed","4000cdb4","Data Label","Global","User Defined","2","0"
"CAL_torque_load_to_torque_Y_load","4000cdd4","Data Label","Global","User Defined","2","0"
"CAL_torque_load_to_torque","4000cdf4","Data Label","Global","User Defined","2","0"
"CAL_ign_base_ips_X_engine_speed","4000cff4","Data Label","Global","User Defined","1","0"
"CAL_ign_base_ips_Y_load","4000d008","Data Label","Global","User Defined","1","0"
"CAL_ign_base_ips","4000d01c","Data Label","Global","User Defined","1","0"
"CAL_obd_ii_P0712","4000d1ac","Data Label","Global","User Defined","5","0"
"CAL_obd_ii_P0106","4000d1ad","Data Label","Global","User Defined","6","0"
"CAL_obd_ii_P0107","4000d1ae","Data Label","Global","User Defined","5","0"
"CAL_obd_ii_P0108","4000d1af","Data Label","Global","User Defined","5","0"
"CAL_obd_ii_P0713","4000d1b0","Data Label","Global","User Defined","5","0"
"CAL_obd_ii_P0111","4000d1b1","Data Label","Global","User Defined","7","0"
"CAL_obd_ii_P0112","4000d1b2","Data Label","Global","User Defined","5","0"
"CAL_obd_ii_P0113","4000d1b3","Data Label","Global","User Defined","5","0"
"CAL_obd_ii_P0071","4000d1b4","Data Label","Global","User Defined","5","0"
"CAL_obd_ii_P0116","4000d1b5","Data Label","Global","User Defined","6","0"
"CAL_obd_ii_P0117","4000d1b6","Data Label","Global","User Defined","5","0"
"CAL_obd_ii_P0118","4000d1b7","Data Label","Global","User Defined","5","0"
"CAL_obd_ii_P2170","4000d1b8","Data Label","Global","User Defined","5","0"
"CAL_obd_ii_P2171","4000d1b9","Data Label","Global","User Defined","5","0"
"CAL_obd_ii_P0122","4000d1ba","Data Label","Global","User Defined","5","0"
"CAL_obd_ii_P0123","4000d1bb","Data Label","Global","User Defined","5","0"
"CAL_obd_ii_P2191","4000d1bc","Data Label","Global","User Defined","5","0"
"CAL_obd_ii_P0128","4000d1bd","Data Label","Global","User Defined","5","0"
"CAL_obd_ii_P0131","4000d1be","Data Label","Global","User Defined","5","0"
"CAL_obd_ii_P0132","4000d1bf","Data Label","Global","User Defined","5","0"
"CAL_obd_ii_P0133","4000d1c0","Data Label","Global","User Defined","6","0"
"CAL_obd_ii_P0134","4000d1c1","Data Label","Global","User Defined","6","0"
"CAL_obd_ii_P0135","4000d1c2","Data Label","Global","User Defined","6","0"
"CAL_obd_ii_P2193","4000d1c3","Data Label","Global","User Defined","5","0"
"CAL_obd_ii_P0137","4000d1c4","Data Label","Global","User Defined","5","0"
"CAL_obd_ii_P0138","4000d1c5","Data Label","Global","User Defined","5","0"
"CAL_obd_ii_P0139","4000d1c6","Data Label","Global","User Defined","6","0"
"CAL_obd_ii_P0140","4000d1c7","Data Label","Global","User Defined","5","0"
"CAL_obd_ii_P0141","4000d1c8","Data Label","Global","User Defined","6","0"
"CAL_obd_ii_P0102","4000d1c9","Data Label","Global","User Defined","5","0"
"CAL_obd_ii_P0103","4000d1ca","Data Label","Global","User Defined","5","0"
"CAL_obd_ii_P0101_manual","4000d1cb","Data Label","Global","User Defined","2","0"
"CAL_obd_ii_P2122","4000d1cc","Data Label","Global","User Defined","5","0"
"CAL_obd_ii_P2123","4000d1cd","Data Label","Global","User Defined","5","0"
"CAL_obd_ii_P2127","4000d1ce","Data Label","Global","User Defined","5","0"
"CAL_obd_ii_P2128","4000d1cf","Data Label","Global","User Defined","5","0"
"CAL_obd_ii_P0222","4000d1d0","Data Label","Global","User Defined","5","0"
"CAL_obd_ii_P0223","4000d1d1","Data Label","Global","User Defined","5","0"
"CAL_obd_ii_P2135","4000d1d2","Data Label","Global","User Defined","5","0"
"CAL_obd_ii_P0638","4000d1d3","Data Label","Global","User Defined","5","0"
"CAL_obd_ii_P2119","4000d1d4","Data Label","Global","User Defined","5","0"
"CAL_obd_ii_P1106","4000d1d5","Data Label","Global","User Defined","5","0"
"CAL_obd_ii_P0171","4000d1d6","Data Label","Global","User Defined","5","0"
"CAL_obd_ii_P0172","4000d1d7","Data Label","Global","User Defined","5","0"
"CAL_obd_ii_P0627","4000d1d8","Data Label","Global","User Defined","5","0"
"CAL_obd_ii_P0076","4000d1d9","Data Label","Global","User Defined","5","0"
"CAL_obd_ii_P0077","4000d1da","Data Label","Global","User Defined","5","0"
"CAL_obd_ii_P0261","4000d1db","Data Label","Global","User Defined","5","0"
"CAL_obd_ii_P0262","4000d1dc","Data Label","Global","User Defined","5","0"
"CAL_obd_ii_P0264","4000d1dd","Data Label","Global","User Defined","5","0"
"CAL_obd_ii_P0265","4000d1de","Data Label","Global","User Defined","5","0"
"CAL_obd_ii_P0267","4000d1df","Data Label","Global","User Defined","5","0"
"CAL_obd_ii_P0268","4000d1e0","Data Label","Global","User Defined","5","0"
"CAL_obd_ii_P0270","4000d1e1","Data Label","Global","User Defined","5","0"
"CAL_obd_ii_P0271","4000d1e2","Data Label","Global","User Defined","5","0"
"CAL_obd_ii_P0273","4000d1e3","Data Label","Global","User Defined","5","0"
"CAL_obd_ii_P0274","4000d1e4","Data Label","Global","User Defined","5","0"
"CAL_obd_ii_P0276","4000d1e5","Data Label","Global","User Defined","5","0"
"CAL_obd_ii_P0277","4000d1e6","Data Label","Global","User Defined","5","0"
"CAL_obd_ii_P025C","4000d1e7","Data Label","Global","User Defined","5","0"
"CAL_obd_ii_P0351","4000d1e8","Data Label","Global","User Defined","5","0"
"CAL_obd_ii_P0352","4000d1e9","Data Label","Global","User Defined","5","0"
"CAL_obd_ii_P0353","4000d1ea","Data Label","Global","User Defined","5","0"
"CAL_obd_ii_P0354","4000d1eb","Data Label","Global","User Defined","5","0"
"CAL_obd_ii_P025D","4000d1ec","Data Label","Global","User Defined","5","0"
"CAL_obd_ii_P0300","4000d1ed","Data Label","Global","User Defined","5","0"
"CAL_obd_ii_P0301","4000d1ee","Data Label","Global","User Defined","5","0"
"CAL_obd_ii_P0302","4000d1ef","Data Label","Global","User Defined","5","0"
"CAL_obd_ii_P0303","4000d1f0","Data Label","Global","User Defined","5","0"
"CAL_obd_ii_P0304","4000d1f1","Data Label","Global","User Defined","5","0"
"CAL_obd_ii_P0305","4000d1f2","Data Label","Global","User Defined","5","0"
"CAL_obd_ii_P0306","4000d1f3","Data Label","Global","User Defined","5","0"
"CAL_obd_ii_P0700","4000d1f4","Data Label","Global","User Defined","5","0"
"CAL_obd_ii_P0571","4000d1f5","Data Label","Global","User Defined","5","0"
"CAL_obd_ii_P0327","4000d1f6","Data Label","Global","User Defined","5","0"
"CAL_obd_ii_P0328","4000d1f7","Data Label","Global","User Defined","5","0"
"CAL_obd_ii_P0335","4000d1f8","Data Label","Global","User Defined","5","0"
"CAL_obd_ii_P0826","4000d1f9","Data Label","Global","User Defined","7","0"
"CAL_obd_ii_P1301","4000d1fa","Data Label","Global","User Defined","5","0"
"CAL_obd_ii_P1302","4000d1fb","Data Label","Global","User Defined","5","0"
"CAL_obd_ii_P0014","4000d1fc","Data Label","Global","User Defined","5","0"
"CAL_obd_ii_P0015","4000d1fd","Data Label","Global","User Defined","6","0"
"CAL_obd_ii_P0024","4000d1fe","Data Label","Global","User Defined","5","0"
"CAL_obd_ii_P0025","4000d1ff","Data Label","Global","User Defined","6","0"
"CAL_obd_ii_P0079","4000d200","Data Label","Global","User Defined","5","0"
"CAL_obd_ii_P0080","4000d201","Data Label","Global","User Defined","5","0"
"CAL_obd_ii_P0082","4000d202","Data Label","Global","User Defined","5","0"
"CAL_obd_ii_P0083","4000d203","Data Label","Global","User Defined","5","0"
"CAL_obd_ii_P0420","4000d204","Data Label","Global","User Defined","6","0"
"CAL_obd_ii_P0085","4000d205","Data Label","Global","User Defined","5","0"
"CAL_obd_ii_P0086","4000d206","Data Label","Global","User Defined","5","0"
"CAL_obd_ii_P0827","4000d207","Data Label","Global","User Defined","5","0"
"CAL_obd_ii_P1809","4000d208","Data Label","Global","User Defined","6","0"
"CAL_obd_ii_P0430","4000d209","Data Label","Global","User Defined","6","0"
"CAL_obd_ii_P0355","4000d20a","Data Label","Global","User Defined","5","0"
"CAL_obd_ii_P0356","4000d20b","Data Label","Global","User Defined","5","0"
"CAL_obd_ii_P0579","4000d20c","Data Label","Global","User Defined","5","0"
"CAL_obd_ii_P1104","4000d20d","Data Label","Global","User Defined","5","0"
"CAL_obd_ii_P0828","4000d20e","Data Label","Global","User Defined","5","0"
"CAL_obd_ii_P0441","4000d20f","Data Label","Global","User Defined","6","0"
"CAL_obd_ii_P0442","4000d210","Data Label","Global","User Defined","5","0"
"CAL_obd_ii_P050B","4000d211","Data Label","Global","User Defined","5","0"
"CAL_obd_ii_P0444","4000d212","Data Label","Global","User Defined","5","0"
"CAL_obd_ii_P0445","4000d213","Data Label","Global","User Defined","5","0"
"CAL_obd_ii_P0446","4000d214","Data Label","Global","User Defined","6","0"
"CAL_obd_ii_P0447","4000d215","Data Label","Global","User Defined","5","0"
"CAL_obd_ii_P0448","4000d216","Data Label","Global","User Defined","5","0"
"CAL_obd_ii_P050A","4000d217","Data Label","Global","User Defined","7","0"
"CAL_obd_ii_P0451","4000d218","Data Label","Global","User Defined","8","0"
"CAL_obd_ii_P0452","4000d219","Data Label","Global","User Defined","5","0"
"CAL_obd_ii_P0453","4000d21a","Data Label","Global","User Defined","5","0"
"CAL_obd_ii_P0480","4000d21b","Data Label","Global","User Defined","5","0"
"CAL_obd_ii_P1109","4000d21c","Data Label","Global","User Defined","8","0"
"CAL_obd_ii_P0341","4000d21d","Data Label","Global","User Defined","5","0"
"CAL_obd_ii_P0346","4000d21e","Data Label","Global","User Defined","5","0"
"CAL_obd_ii_P0366","4000d21f","Data Label","Global","User Defined","5","0"
"CAL_obd_ii_P0391","4000d220","Data Label","Global","User Defined","5","0"
"CAL_obd_ii_P0482","4000d221","Data Label","Global","User Defined","5","0"
"CAL_obd_ii_P0461","4000d222","Data Label","Global","User Defined","6","0"
"CAL_obd_ii_P0462","4000d223","Data Label","Global","User Defined","5","0"
"CAL_obd_ii_P0463","4000d224","Data Label","Global","User Defined","5","0"
"CAL_obd_ii_P0523","4000d225","Data Label","Global","User Defined","8","0"
"CAL_obd_ii_P0563","4000d226","Data Label","Global","User Defined","5","0"
"CAL_obd_ii_P0562","4000d227","Data Label","Global","User Defined","5","0"
"CAL_obd_ii_P0685","4000d228","Data Label","Global","User Defined","5","0"
"CAL_obd_ii_P0610","4000d229","Data Label","Global","User Defined","5","0"
"CAL_obd_ii_P0646","4000d22a","Data Label","Global","User Defined","5","0"
"CAL_obd_ii_P0647","4000d22b","Data Label","Global","User Defined","5","0"
"CAL_obd_ii_P0500","4000d22c","Data Label","Global","User Defined","5","0"
"CAL_obd_ii_P0506","4000d22d","Data Label","Global","User Defined","5","0"
"CAL_obd_ii_P0507","4000d22e","Data Label","Global","User Defined","7","0"
"CAL_obd_ii_P0096","4000d22f","Data Label","Global","User Defined","6","0"
"CAL_obd_ii_P0072","4000d230","Data Label","Global","User Defined","5","0"
"CAL_obd_ii_P0073","4000d231","Data Label","Global","User Defined","5","0"
"CAL_obd_ii_P0616","4000d232","Data Label","Global","User Defined","5","0"
"CAL_obd_ii_P0617","4000d233","Data Label","Global","User Defined","5","0"
"CAL_obd_ii_P0630","4000d234","Data Label","Global","User Defined","5","0"
"CAL_obd_ii_P2138","4000d235","Data Label","Global","User Defined","5","0"
"CAL_obd_ii_P2602","4000d236","Data Label","Global","User Defined","5","0"
"CAL_obd_ii_P2603","4000d237","Data Label","Global","User Defined","5","0"
"CAL_obd_ii_P0011","4000d238","Data Label","Global","User Defined","5","0"
"CAL_obd_ii_P0012","4000d239","Data Label","Global","User Defined","6","0"
"CAL_obd_ii_P0601","4000d23a","Data Label","Global","User Defined","5","0"
"CAL_obd_ii_P0606","4000d23b","Data Label","Global","User Defined","5","0"
"CAL_obd_ii_P0455","4000d23c","Data Label","Global","User Defined","6","0"
"CAL_obd_ii_P0456","4000d23d","Data Label","Global","User Defined","8","0"
"CAL_obd_ii_P0016","4000d23e","Data Label","Global","User Defined","5","0"
"CAL_obd_ii_P2173","4000d23f","Data Label","Global","User Defined","5","0"
"CAL_obd_ii_P2104","4000d240","Data Label","Global","User Defined","5","0"
"CAL_obd_ii_P2105","4000d241","Data Label","Global","User Defined","5","0"
"CAL_obd_ii_P2106","4000d242","Data Label","Global","User Defined","5","0"
"CAL_obd_ii_P2107","4000d243","Data Label","Global","User Defined","5","0"
"CAL_obd_ii_P2100","4000d244","Data Label","Global","User Defined","5","0"
"CAL_obd_ii_P2102","4000d245","Data Label","Global","User Defined","5","0"
"CAL_obd_ii_P2103","4000d246","Data Label","Global","User Defined","5","0"
"CAL_obd_ii_P2108","4000d247","Data Label","Global","User Defined","5","0"
"CAL_obd_ii_P0151","4000d248","Data Label","Global","User Defined","5","0"
"CAL_obd_ii_P0152","4000d249","Data Label","Global","User Defined","5","0"
"CAL_obd_ii_P0153","4000d24a","Data Label","Global","User Defined","6","0"
"CAL_obd_ii_P0154","4000d24b","Data Label","Global","User Defined","6","0"
"CAL_obd_ii_P0155","4000d24c","Data Label","Global","User Defined","6","0"
"CAL_obd_ii_P0157","4000d24d","Data Label","Global","User Defined","5","0"
"CAL_obd_ii_P0158","4000d24e","Data Label","Global","User Defined","5","0"
"CAL_obd_ii_P0159","4000d24f","Data Label","Global","User Defined","6","0"
"CAL_obd_ii_P0160","4000d250","Data Label","Global","User Defined","5","0"
"CAL_obd_ii_P0161","4000d251","Data Label","Global","User Defined","6","0"
"CAL_obd_ii_P0174","4000d252","Data Label","Global","User Defined","5","0"
"CAL_obd_ii_P0175","4000d253","Data Label","Global","User Defined","5","0"
"CAL_obd_ii_P0332","4000d254","Data Label","Global","User Defined","5","0"
"CAL_obd_ii_P0333","4000d255","Data Label","Global","User Defined","5","0"
"CAL_obd_ii_P0021","4000d256","Data Label","Global","User Defined","5","0"
"CAL_obd_ii_P0022","4000d257","Data Label","Global","User Defined","6","0"
"CAL_obd_ii_P0017","4000d258","Data Label","Global","User Defined","5","0"
"CAL_obd_ii_P0018","4000d259","Data Label","Global","User Defined","5","0"
"CAL_obd_ii_P0019","4000d25a","Data Label","Global","User Defined","5","0"
"CAL_obd_ii_P0578","4000d25b","Data Label","Global","User Defined","6","0"
"CAL_obd_ii_P0564","4000d25c","Data Label","Global","User Defined","5","0"
"CAL_obd_ii_P0806","4000d25d","Data Label","Global","User Defined","5","0"
"CAL_obd_ii_P0807","4000d25e","Data Label","Global","User Defined","5","0"
"CAL_obd_ii_P0808","4000d25f","Data Label","Global","User Defined","5","0"
"CAL_obd_ii_P2612","4000d260","Data Label","Global","User Defined","5","0"
"CAL_obd_ii_P2613","4000d261","Data Label","Global","User Defined","5","0"
"CAL_obd_ii_P0537","4000d262","Data Label","Global","User Defined","5","0"
"CAL_obd_ii_P0538","4000d263","Data Label","Global","User Defined","5","0"
"CAL_obd_ii_P0155","4000d264","Data Label","Global","User Defined","5","0"
"CAL_obd_ii_P0101","4000d265","Data Label","Global","User Defined","5","0"
"CAL_obd_ii_P0122","4000d266","Data Label","Global","User Defined","5","0"
"CAL_obd_ii_P0316","4000d267","Data Label","Global","User Defined","5","0"
"CAL_obd_ii_P0141","4000d268","Data Label","Global","User Defined","5","0"
"CAL_obd_ii_P0302","4000d269","Data Label","Global","User Defined","5","0"
"CAL_obd_ii_P0416","4000d26a","Data Label","Global","User Defined","5","0"
"CAL_obd_ii_P0123","4000d26b","Data Label","Global","User Defined","5","0"
"CAL_obd_ii_P0513","4000d26c","Data Label","Global","User Defined","5","0"
"CAL_obd_ii_P0109","4000d26d","Data Label","Global","User Defined","5","0"
"CAL_obd_ii_P1422","4000d278","Data Label","Global","User Defined","6","0"
"CAL_obd_ii_P219A","4000d279","Data Label","Global","User Defined","6","0"
"CAL_obd_ii_P219B","4000d27a","Data Label","Global","User Defined","6","0"
"CAL_obd_ii_P2336","4000d27b","Data Label","Global","User Defined","5","0"
"CAL_obd_ii_P2337","4000d27c","Data Label","Global","User Defined","5","0"
"CAL_obd_ii_P2338","4000d27d","Data Label","Global","User Defined","5","0"
"CAL_obd_ii_P2339","4000d27e","Data Label","Global","User Defined","5","0"
"CAL_obd_ii_P2340","4000d27f","Data Label","Global","User Defined","5","0"
"CAL_obd_ii_P2341","4000d280","Data Label","Global","User Defined","5","0"
"CAL_obd_ii_P1562","4000d281","Data Label","Global","User Defined","5","0"
"CAL_obd_ii_P0097","4000d282","Data Label","Global","User Defined","5","0"
"CAL_obd_ii_P0098","4000d283","Data Label","Global","User Defined","5","0"
"CAL_obd_ii_P1107","4000d284","Data Label","Global","User Defined","5","0"
"CAL_obd_ii_P1108","4000d285","Data Label","Global","User Defined","5","0"
"CAL_obd_ii_P0522","4000d286","Data Label","Global","User Defined","5","0"
"CAL_obd_ii_P0524","4000d287","Data Label","Global","User Defined","6","0"
"CAL_obd_ii_P0192","4000d288","Data Label","Global","User Defined","5","0"
"CAL_obd_ii_P0193","4000d289","Data Label","Global","User Defined","5","0"
"CAL_obd_ii_P023B","4000d28a","Data Label","Global","User Defined","5","0"
"CAL_obd_ii_P023C","4000d28b","Data Label","Global","User Defined","5","0"
"CAL_obd_ii_P123B","4000d28c","Data Label","Global","User Defined","5","0"
"CAL_obd_ii_P123C","4000d28d","Data Label","Global","User Defined","6","0"
"CAL_obd_ii_P0087","4000d28e","Data Label","Global","User Defined","5","0"
"CAL_obd_ii_P0088","4000d28f","Data Label","Global","User Defined","5","0"
"CAL_obd_ii_P0191","4000d290","Data Label","Global","User Defined","6","0"
"CAL_obd_ii_P2754","4000d291","Data Label","Global","User Defined","5","0"
"CAL_obd_ii_P2755","4000d292","Data Label","Global","User Defined","5","0"
"CAL_obd_ii_P0897","4000d293","Data Label","Global","User Defined","5","0"
"CAL_obd_ii_P2797","4000d294","Data Label","Global","User Defined","5","0"
"CAL_obd_ii_P0101_ips","4000d295","Data Label","Global","User Defined","2","0"
"CAL_fuel_pump_command_X_pressure","4000d4f0","Data Label","Global","User Defined","1","0"
"CAL_fuel_pump_command_Y_estimated_inj_flow","4000d500","Data Label","Global","User Defined","1","0"
"CAL_fuel_pump_command","4000d510","Data Label","Global","User Defined","1","0"
"CAL_ecu_engine_speed_target_ramp_gain_tour_X_rpm","4000d614","Data Label","Global","User Defined","2","0"
"CAL_ecu_engine_speed_target_ramp_gain_tour_Y_coolant_temp","4000d618","Data Label","Global","User Defined","2","0"
"CAL_ecu_engine_speed_target_ramp_gain_tour","4000d61c","Data Label","Global","User Defined","2","0"
"CAL_ecu_engine_speed_target_ramp_gain_sport_X_rpm","4000d62c","Data Label","Global","User Defined","2","0"
"CAL_ecu_engine_speed_target_ramp_gain_sport_Y_coolant_temp","4000d630","Data Label","Global","User Defined","2","0"
"CAL_ecu_engine_speed_target_ramp_gain_sport","4000d634","Data Label","Global","User Defined","2","0"
"CAL_cooling_fan_duty_cycle_stopped_X_coolant_temp","4000d6b4","Data Label","Global","User Defined","1","0"
"CAL_cooling_fan_duty_cycle_stopped","4000d6bc","Data Label","Global","User Defined","1","0"
"CAL_cooling_fan1_ac_off_X_air_temp","4000d6c4","Data Label","Global","User Defined","1","0"
"CAL_cooling_fan1_ac_off_Y_car_speed","4000d6cc","Data Label","Global","User Defined","1","0"
"CAL_cooling_fan1_ac_off","4000d6d4","Data Label","Global","User Defined","1","0"
"CAL_cooling_fan_scaling_X_dutycycle","4000d714","Data Label","Global","User Defined","1","0"
"CAL_cooling_fan_scaling","4000d71c","Data Label","Global","User Defined","1","0"
"CAL_cooling_cc_pump_dutycycle_X_manifold_temp","4000d724","Data Label","Global","User Defined","1","0"
"CAL_cooling_cc_pump_dutycycle","4000d72c","Data Label","Global","User Defined","1","0"
"CAL_ign_retard_recovery_step_X_engine_speed","4000d73c","Data Label","Global","User Defined","1","0"
"CAL_ign_retard_recovery_step_Y_load","4000d744","Data Label","Global","User Defined","1","0"
"CAL_ign_retard_recovery_step","4000d74c","Data Label","Global","User Defined","1","0"
"CAL_misfire_manual_unknown1_X_rpm","4000d78c","Data Label","Global","User Defined","1","0"
"CAL_misfire_manual_unknown1_Y_load","4000d79c","Data Label","Global","User Defined","1","0"
"CAL_misfire_manual_unknown1","4000d7ac","Data Label","Global","User Defined","1","0"
"CAL_misfire_ips_unknown1_X_rpm","4000d82c","Data Label","Global","User Defined","1","0"
"CAL_misfire_ips_unknown1_Y_load","4000d83c","Data Label","Global","User Defined","1","0"
"CAL_misfire_ips_unknown1","4000d84c","Data Label","Global","User Defined","1","0"
"CAL_maf_comp_ips_unknown","4000d8cc","Data Label","Global","User Defined","4","0"
"CAL_cooling_cc_pump_dc_drive_output_X_target_dutycycle","4000d8dc","Data Label","Global","User Defined","1","0"
"CAL_cooling_cc_pump_dc_drive_output","4000d8e4","Data Label","Global","User Defined","1","0"
"CAL_sensor_tmap_expected_temp_X_rpm","4000d90c","Data Label","Global","User Defined","2","0"
"CAL_sensor_tmap_expected_temp_Y_load","4000d914","Data Label","Global","User Defined","2","0"
"CAL_sensor_tmap_expected_temp","4000d91c","Data Label","Global","User Defined","2","0"
"CAL_traction_comp_maf_accum_manual_X_maf_accum","4000d95c","Data Label","Global","User Defined","1","0"
"CAL_traction_comp_maf_accum_manual","4000d964","Data Label","Global","User Defined","1","0"
"CAL_traction_power_based_rpm_thresholds_X_power","4000d96c","Data Label","Global","User Defined","1","0"
"CAL_traction_power_based_rpm_thresholds","4000d97c","Data Label","Global","User Defined","1","0"
"CAL_misfire_unknown3_X_rpm","4000d9dc","Data Label","Global","User Defined","1","0"
"CAL_misfire_unknown3","4000d9e4","Data Label","Global","User Defined","1","0"
"CAL_misc_calid","4000d9f0","Data Label","Global","User Defined","1","0"
"CAL_misfire_unknown2_X_rpm","4000dc50","Data Label","Global","User Defined","1","0"
"CAL_misfire_unknown2_Y_load","4000dc58","Data Label","Global","User Defined","1","0"
"CAL_misfire_unknown2","4000dc60","Data Label","Global","User Defined","1","0"
"CAL_maf_comp_manual_unknown","4000def0","Data Label","Global","User Defined","4","0"
"CAL_inj_cranking_enrichment_load_X_load","4000e00a","Data Label","Global","User Defined","1","0"
"CAL_inj_cranking_enrichment_load","4000e010","Data Label","Global","User Defined","1","0"
"CAL_prog_version","4000e028","Data Label","Global","User Defined","4","31"
"CAL_inj_flow_rate_X_fuel_pressure","4000e168","Data Label","Global","User Defined","1","0"
"CAL_inj_flow_rate","4000e178","Data Label","Global","User Defined","1","0"
"CAL_tpstarget_low_gear_tour_manual_X_pps","4000e228","Data Label","Global","User Defined","1","0"
"CAL_tpstarget_low_gear_tour_manual","4000e248","Data Label","Global","User Defined","1","0"
"CAL_tpssmooth_increment_parking_X_tps_diff","4000e268","Data Label","Global","User Defined","1","0"
"CAL_tpssmooth_increment_parking","4000e270","Data Label","Global","User Defined","1","0"
"CAL_inj_angle_X_engine_speed","4000e3b8","Data Label","Global","User Defined","1","0"
"CAL_inj_angle_Y_load","4000e3c8","Data Label","Global","User Defined","1","0"
"CAL_inj_angle","4000e3d8","Data Label","Global","User Defined","1","0"
"CAL_torque_external_request_minimum_X_engine_speed","4000e4e8","Data Label","Global","User Defined","1","0"
"CAL_torque_external_request_minimum_Y_torque","4000e4f8","Data Label","Global","User Defined","1","0"
"CAL_torque_external_request_minimum","4000e508","Data Label","Global","User Defined","1","0"
"CAL_ign_comp_manifold_temp_X_engine_speed","4000e608","Data Label","Global","User Defined","2","0"
"CAL_ign_comp_manifold_temp_Y_manifold_temp","4000e618","Data Label","Global","User Defined","2","0"
"CAL_ign_comp_manifold_temp","4000e624","Data Label","Global","User Defined","2","0"
"CAL_cluster_oil_pressure_warn_threshold_X_engine_speed","4000e6e4","Data Label","Global","User Defined","1","0"
"CAL_cluster_oil_pressure_warn_threshold","4000e6ec","Data Label","Global","User Defined","1","0"
"CAL_sensor_oil_pressure_expected_X_engine_speed","4000e6f4","Data Label","Global","User Defined","1","0"
"CAL_sensor_oil_pressure_expected","4000e6fc","Data Label","Global","User Defined","1","0"
"CAL_inj_cranking_enrichment_air_temp_X_iat","4000e704","Data Label","Global","User Defined","2","0"
"CAL_inj_cranking_enrichment_air_temp_Y_coolant_temp_engine_stopped","4000e70c","Data Label","Global","User Defined","2","0"
"CAL_inj_cranking_enrichment_air_temp","4000e714","Data Label","Global","User Defined","2","0"
"CAL_inj_cranking_enrichment_mass_accum_X_maf_accum","4000e754","Data Label","Global","User Defined","1","0"
"CAL_inj_cranking_enrichment_mass_accum","4000e75e","Data Label","Global","User Defined","1","0"
"CAL_inj_cranking_enrichment_unknown1_X_unknown","4000e768","Data Label","Global","User Defined","1","0"
"CAL_inj_cranking_enrichment_unknown1","4000e772","Data Label","Global","User Defined","1","0"
"CAL_fuel_pressure_target_X_engine_speed","4000e77c","Data Label","Global","User Defined","1","0"
"CAL_fuel_pressure_target_Y_load","4000e784","Data Label","Global","User Defined","1","0"
"CAL_fuel_pressure_target","4000e78c","Data Label","Global","User Defined","1","0"
"CAL_load_cylinder_efficiency_X_engine_speed","4000e81c","Data Label","Global","User Defined","1","0"
"CAL_load_cylinder_efficiency_Y_map","4000e83c","Data Label","Global","User Defined","1","0"
"CAL_load_cylinder_efficiency","4000e85c","Data Label","Global","User Defined","1","0"
"CAL_tpstarget_low_gear_sport_ips_X_pps","4000ea5c","Data Label","Global","User Defined","1","0"
"CAL_tpstarget_low_gear_sport_ips","4000ea7c","Data Label","Global","User Defined","1","0"
"CAL_tpstarget_low_gear_sport_manual_X_pps","4000ea9c","Data Label","Global","User Defined","1","0"
"CAL_tpstarget_low_gear_sport_manual","4000eabc","Data Label","Global","User Defined","1","0"
"CAL_tpstarget_low_gear_tour_ips_X_pps","4000eadc","Data Label","Global","User Defined","1","0"
"CAL_tpstarget_low_gear_tour_ips","4000eafc","Data Label","Global","User Defined","1","0"
"CAL_cooling_fan1_running_X_coolant_temp","4000eb1c","Data Label","Global","User Defined","1","0"
"CAL_cooling_fan1_running_Y_car_speed","4000eb22","Data Label","Global","User Defined","1","0"
"CAL_cooling_fan1_running","4000eb28","Data Label","Global","User Defined","1","0"
"CAL_ign_comp_manifold_temp_load_multiplier_X_engine_speed","4000eb4c","Data Label","Global","User Defined","1","0"
"CAL_ign_comp_manifold_temp_load_multiplier_Y_load","4000eb5c","Data Label","Global","User Defined","1","0"
"CAL_ign_comp_manifold_temp_load_multiplier","4000eb68","Data Label","Global","User Defined","1","0"
"CAL_load_efficiency1_unknown_X_rpm","4000ec28","Data Label","Global","User Defined","1","0"
"CAL_load_efficiency1_unknown_Y_load","4000ec38","Data Label","Global","User Defined","1","0"
"CAL_load_efficiency1_unknown","4000ec48","Data Label","Global","User Defined","1","0"
"CAL_sensor_trans_temp_scaling","4000ed48","Data Label","Global","User Defined","1","0"
"CAL_trans_cooler_temp_scaling","4000ed69","Data Label","Global","User Defined","2","0"
"CAL_ecu_unlock_magic","4000effa","Data Label","Global","User Defined","1","3"
"CAL_ecu_cvn","4000effe","Data Label","Global","User Defined","2","0"
